{"cameraMode":{"drawMode":0,"name":"Shaded","section":"Shading Mode"},"sceneLighting":true,"audioPlay":false,"sceneViewState":{"showFog":true,"showMaterialUpdate":true,"showSkybox":true,"showFlares":true,"showImageEffects":true,"showParticleSystems":true},"in2DMode":false,"pivot":{"x":4.852514266967773,"y":0.8751791715621948,"z":-9.504636764526368},"rotation":{"x":0.042364105582237247,"y":0.9493827819824219,"z":-0.14640016853809358,"w":0.27474385499954226},"size":4.041658401489258,"orthographic":false}