{"cameraMode":{"drawMode":0,"name":"Shaded","section":"Shading Mode"},"sceneLighting":true,"audioPlay":false,"sceneViewState":{"showFog":true,"showMaterialUpdate":false,"showSkybox":true,"showFlares":true,"showImageEffects":true,"showParticleSystems":true},"in2DMode":false,"pivot":{"x":7.7853875160217289,"y":-1.3874382972717286,"z":-3.934734344482422},"rotation":{"x":0.20393382012844087,"y":0.6680954694747925,"z":-0.19813475012779237,"w":0.6876206398010254},"size":9.809303283691407,"orthographic":false}