{"cameraMode":{"drawMode":0,"name":"Shaded","section":"Shading Mode"},"sceneLighting":true,"audioPlay":false,"sceneViewState":{"showFog":true,"showMaterialUpdate":true,"showSkybox":true,"showFlares":true,"showImageEffects":true,"showParticleSystems":true},"in2DMode":false,"pivot":{"x":5.586289882659912,"y":1.3997347354888917,"z":-6.598454475402832},"rotation":{"x":-0.12121585756540299,"y":0.8698531985282898,"z":-0.2647944688796997,"w":-0.3982013761997223},"size":5.472431182861328,"orthographic":false}